{
  "GET All Activities" : {
    "transaction" : "GET All Activities",
    "sampleCount" : 3,
    "errorCount" : 0,
    "errorPct" : 0.0,
    "meanResTime" : 210.0,
    "medianResTime" : 203.0,
    "minResTime" : 186.0,
    "maxResTime" : 241.0,
    "pct1ResTime" : 241.0,
    "pct2ResTime" : 241.0,
    "pct3ResTime" : 241.0,
    "throughput" : 3.4562211981566824,
    "receivedKBytesPerSec" : 10.261781754032258,
    "sentKBytesPerSec" : 0.5029071860599078
  },
  "GET All Books" : {
    "transaction" : "GET All Books",
    "sampleCount" : 3,
    "errorCount" : 0,
    "errorPct" : 0.0,
    "meanResTime" : 191.33333333333334,
    "medianResTime" : 175.0,
    "minResTime" : 167.0,
    "maxResTime" : 232.0,
    "pct1ResTime" : 232.0,
    "pct2ResTime" : 232.0,
    "pct3ResTime" : 232.0,
    "throughput" : 3.745318352059925,
    "receivedKBytesPerSec" : 348.19512718476904,
    "sentKBytesPerSec" : 0.5266853932584269
  },
  "Total" : {
    "transaction" : "Total",
    "sampleCount" : 9,
    "errorCount" : 0,
    "errorPct" : 0.0,
    "meanResTime" : 154.55555555555554,
    "medianResTime" : 175.0,
    "minResTime" : 56.0,
    "maxResTime" : 241.0,
    "pct1ResTime" : 241.0,
    "pct2ResTime" : 241.0,
    "pct3ResTime" : 241.0,
    "throughput" : 8.1374321880651,
    "receivedKBytesPerSec" : 261.9889381781193,
    "sentKBytesPerSec" : 1.1602198236889691
  },
  "GET Book" : {
    "transaction" : "GET Book",
    "sampleCount" : 3,
    "errorCount" : 0,
    "errorPct" : 0.0,
    "meanResTime" : 62.333333333333336,
    "medianResTime" : 63.0,
    "minResTime" : 56.0,
    "maxResTime" : 68.0,
    "pct1ResTime" : 68.0,
    "pct2ResTime" : 68.0,
    "pct3ResTime" : 68.0,
    "throughput" : 4.746835443037975,
    "receivedKBytesPerSec" : 3.0826616890822787,
    "sentKBytesPerSec" : 0.672159315664557
  }
}