{
  "GET All Activities" : {
    "transaction" : "GET All Activities",
    "sampleCount" : 5,
    "errorCount" : 0,
    "errorPct" : 0.0,
    "meanResTime" : 646.4,
    "medianResTime" : 647.0,
    "minResTime" : 644.0,
    "maxResTime" : 649.0,
    "pct1ResTime" : 649.0,
    "pct2ResTime" : 649.0,
    "pct3ResTime" : 649.0,
    "throughput" : 7.704160246533128,
    "receivedKBytesPerSec" : 22.88376348228043,
    "sentKBytesPerSec" : 1.121015504622496
  },
  "GET All Books" : {
    "transaction" : "GET All Books",
    "sampleCount" : 5,
    "errorCount" : 0,
    "errorPct" : 0.0,
    "meanResTime" : 220.0,
    "medianResTime" : 237.0,
    "minResTime" : 182.0,
    "maxResTime" : 254.0,
    "pct1ResTime" : 254.0,
    "pct2ResTime" : 254.0,
    "pct3ResTime" : 254.0,
    "throughput" : 19.37984496124031,
    "receivedKBytesPerSec" : 1801.6934653585272,
    "sentKBytesPerSec" : 2.7252906976744184
  },
  "Total" : {
    "transaction" : "Total",
    "sampleCount" : 15,
    "errorCount" : 0,
    "errorPct" : 0.0,
    "meanResTime" : 319.93333333333334,
    "medianResTime" : 237.0,
    "minResTime" : 69.0,
    "maxResTime" : 649.0,
    "pct1ResTime" : 648.4,
    "pct2ResTime" : 649.0,
    "pct3ResTime" : 649.0,
    "throughput" : 14.720314033366046,
    "receivedKBytesPerSec" : 473.92990217124634,
    "sentKBytesPerSec" : 2.0987947742885185
  },
  "GET Book" : {
    "transaction" : "GET Book",
    "sampleCount" : 5,
    "errorCount" : 0,
    "errorPct" : 0.0,
    "meanResTime" : 93.4,
    "medianResTime" : 83.0,
    "minResTime" : 69.0,
    "maxResTime" : 128.0,
    "pct1ResTime" : 128.0,
    "pct2ResTime" : 128.0,
    "pct3ResTime" : 128.0,
    "throughput" : 26.17801047120419,
    "receivedKBytesPerSec" : 16.995255235602095,
    "sentKBytesPerSec" : 3.7068471858638743
  }
}